id,nome_campanha,canal,impressoes,cliques,investimento,CTR (%),CPC (R$),CPM (R$)
1,Black Friday,Google Search,50000,2500,1500.0,5.0,0.6,30.0
2,Lançamento Verão,Instagram Ads,85000,4200,2200.0,4.941176470588235,0.5238095238095238,25.88235294117647
3,Remarketing App,Facebook Ads,12000,1100,800.0,9.166666666666666,0.7272727272727273,66.66666666666667
4,Branding,YouTube Music,150000,900,3500.0,0.6,3.888888888888889,23.333333333333336
5,Promoção Relâmpago,TikTok Ads,60000,5800,1200.0,9.666666666666666,0.20689655172413793,20.0
