id,nome_campanha,canal,impressoes,cliques,investimento,CTR (%),CPC (R$)
1,Performance Search,Google Search,120000,4800,3500.0,4.0,0.7291666666666666
2,Brand Awareness,Instagram Ads,180000,2900,2200.0,1.6111111111111112,0.7586206896551724
3,Remarketing App,Facebook Ads,45000,1500,800.0,3.3333333333333335,0.5333333333333333
4,Vídeo Pre-Roll,YouTube Music,250000,950,4000.0,0.38,4.2105263157894735
5,Trend Engagement,TikTok Ads,60000,5800,1500.0,9.666666666666666,0.25862068965517243
